magnet,title
"<a href=""ftp://ygdy8:ygdy8@yg45.dydytt.net:8146/%E9%98%B3%E5%85%89%E7%94%B5%E5%BD%B1www.ygdy8.com.%E4%BA%8C%E5%8D%81%E4%BA%8C.HD.1080p.%E5%9B%BD%E8%AF%AD%E4%B8%AD%E8%8B%B1%E5%8F%8C%E5%AD%97.mp4"">ftp://ygdy8:ygdy8@yg45.dydytt.net:8146/阳光电影www.ygdy8.com.二十二.HD.1080p.国语中英双字.mp4</a>","<font color=""#07519a"">2017年高分纪录片《二十二》HD国语中英双字幕</font>"
"<a href=""ftp://ygdy8:ygdy8@yg45.dydytt.net:6085/%E9%98%B3%E5%85%89%E7%94%B5%E5%BD%B1www.ygdy8.com.%E6%98%9F%E7%90%83%E5%A4%A7%E6%88%988%EF%BC%9A%E6%9C%80%E5%90%8E%E7%9A%84%E7%BB%9D%E5%9C%B0%E6%AD%A6%E5%A3%AB.BD.720p.%E4%B8%AD%E8%8B%B1%E5%8F%8C%E5%AD%97%E5%B9%95.mkv"">ftp://ygdy8:ygdy8@yg45.dydytt.net:6085/阳光电影www.ygdy8.com.星球大战8：最后的绝地武士.BD.720p.中英双字幕.mkv</a>","<font color=""#07519a"">2017年科幻动作《星球大战8：最后的绝地武士》BD中英双字幕</font>"
"<a href=""ftp://ygdy8:ygdy8@yg45.dydytt.net:6081/%E9%98%B3%E5%85%89%E7%94%B5%E5%BD%B1www.ygdy8.com.%E8%AF%B7%E4%BB%A5%E4%BD%A0%E7%9A%84%E5%90%8D%E5%AD%97%E5%91%BC%E5%94%A4%E6%88%91.BD.720p.%E4%B8%AD%E8%8B%B1%E5%8F%8C%E5%AD%97%E5%B9%95.mkv"">ftp://ygdy8:ygdy8@yg45.dydytt.net:6081/阳光电影www.ygdy8.com.请以你的名字呼唤我.BD.720p.中英双字幕.mkv</a>","<font color=""#07519a"">2017年8.2高分获奖剧情《请以你的名字呼唤我》BD中英双字幕</font>"
"<a href=""ftp://ygdy8:ygdy8@yg45.dydytt.net:8143/%E9%98%B3%E5%85%89%E7%94%B5%E5%BD%B1www.ygdy8.com.%E6%88%91%EF%BC%8C%E8%8A%B1%E6%A0%B7%E5%A5%B3%E7%8E%8B.BD.720p.%E4%B8%AD%E8%8B%B1%E5%8F%8C%E5%AD%97%E5%B9%95.mkv"">ftp://ygdy8:ygdy8@yg45.dydytt.net:8143/阳光电影www.ygdy8.com.我，花样女王.BD.720p.中英双字幕.mkv</a>","<font color=""#07519a"">2017年高分获奖剧情传记《我，花样女王》BD中英双字幕</font>"
"<a href=""ftp://ygdy8:ygdy8@yg45.dydytt.net:3043/%E9%98%B3%E5%85%89%E7%94%B5%E5%BD%B1www.ygdy8.com.%E9%A9%AC%E6%88%8F%E4%B9%8B%E7%8E%8B.HD.720p.%E9%9F%A9%E7%89%88%E4%B8%AD%E8%8B%B1%E5%8F%8C%E5%AD%97%E5%B9%95.rmvb"">ftp://ygdy8:ygdy8@yg45.dydytt.net:3043/阳光电影www.ygdy8.com.马戏之王.HD.720p.韩版中英双字幕.rmvb</a>","<font color=""#07519a"">2017年高分获奖剧情《马戏之王》HD韩版中英双字幕</font>"
"<a href=""ftp://ygdy8:ygdy8@yg72.dydytt.net:8170/%E9%98%B3%E5%85%89%E7%94%B5%E5%BD%B1www.ygdy8.com.%E8%B5%B7%E8%B7%91%E7%BA%BF.BD.720p.%E4%B8%AD%E8%8B%B1%E5%8F%8C%E5%AD%97%E5%B9%95.mkv"">ftp://ygdy8:ygdy8@yg72.dydytt.net:8170/阳光电影www.ygdy8.com.起跑线.BD.720p.中英双字幕.mkv</a>","<font color=""#07519a"">2017年高分剧情喜剧《起跑线》BD中英双字幕</font>"
"<a href=""ftp://ygdy8:ygdy8@yg45.dydytt.net:4037/%E9%98%B3%E5%85%89%E7%94%B5%E5%BD%B1www.ygdy8.com.%E5%B8%95%E4%B8%81%E9%A1%BF%E7%86%8A2.HD.720p.%E8%8B%B1%E8%AF%AD%E4%B8%AD%E5%AD%97.rmvb"">ftp://ygdy8:ygdy8@yg45.dydytt.net:4037/阳光电影www.ygdy8.com.帕丁顿熊2.HD.720p.英语中字.rmvb</a>","<font color=""#07519a"">2017年8.2高分喜剧《帕丁顿熊2》HD英语中字</font>"
"<a href=""ftp://ygdy8:ygdy8@yg45.dydytt.net:6079/%E9%98%B3%E5%85%89%E7%94%B5%E5%BD%B1www.ygdy8.com.%E6%91%A9%E5%A4%A9%E8%BD%AE.BD.720p.%E4%B8%AD%E8%8B%B1%E5%8F%8C%E5%AD%97%E5%B9%95.mkv"">ftp://ygdy8:ygdy8@yg45.dydytt.net:6079/阳光电影www.ygdy8.com.摩天轮.BD.720p.中英双字幕.mkv</a>","<font color=""#07519a"">2017年伍迪·艾伦执导剧情《摩天轮》BD中英双字幕</font>"
"<a href=""ftp://ygdy8:ygdy8@yg45.dydytt.net:3044/%E9%98%B3%E5%85%89%E7%94%B5%E5%BD%B1www.ygdy8.com.%E5%8B%87%E6%95%A2%E8%80%85%E6%B8%B8%E6%88%8F%EF%BC%9A%E5%86%B3%E6%88%98%E4%B8%9B%E6%9E%97.HD.720p.%E4%B8%AD%E8%8B%B1%E5%8F%8C%E5%AD%97%E5%B9%95.rmvb"">ftp://ygdy8:ygdy8@yg45.dydytt.net:3044/阳光电影www.ygdy8.com.勇敢者游戏：决战丛林.HD.720p.中英双字幕.rmvb</a>","<font color=""#07519a"">2017年奇幻动作《勇敢者游戏：决战丛林》HD中英双字幕</font>"
"<a href=""ftp://ygdy8:ygdy8@yg45.dydytt.net:4038/%E9%98%B3%E5%85%89%E7%94%B5%E5%BD%B1www.ygdy8.com.%E5%89%8D%E4%BB%BB3%EF%BC%9A%E5%86%8D%E8%A7%81%E5%89%8D%E4%BB%BB.HD.1080p.%E5%9B%BD%E8%AF%AD%E4%B8%AD%E5%AD%97.mp4"">ftp://ygdy8:ygdy8@yg45.dydytt.net:4038/阳光电影www.ygdy8.com.前任3：再见前任.HD.1080p.国语中字.mp4</a>","<font color=""#07519a"">2017年爱情喜剧《前任3：再见前任》HD国语中字</font>"
"<a href=""ftp://ygdy8:ygdy8@yg45.dydytt.net:7146/%E9%98%B3%E5%85%89%E7%94%B5%E5%BD%B1www.ygdy8.com.%E5%B8%95%E4%B8%81%E9%A1%BF%E7%86%8A2.BD.720p.%E4%B8%AD%E8%8B%B1%E5%8F%8C%E5%AD%97%E5%B9%95.mkv"">ftp://ygdy8:ygdy8@yg45.dydytt.net:7146/阳光电影www.ygdy8.com.帕丁顿熊2.BD.720p.中英双字幕.mkv</a>","<font color=""#07519a"">2017年8.2高分喜剧《帕丁顿熊2》BD中英双字幕</font>"
"<a href=""ftp://ygdy8:ygdy8@yg45.dydytt.net:6083/%E9%98%B3%E5%85%89%E7%94%B5%E5%BD%B1www.ygdy8.com.%E5%A4%AA%E7%A9%BA%E6%95%91%E6%8F%B4.BD.720p.%E4%BF%84%E8%AF%AD%E4%B8%AD%E5%AD%97.mkv"">ftp://ygdy8:ygdy8@yg45.dydytt.net:6083/阳光电影www.ygdy8.com.太空救援.BD.720p.俄语中字.mkv</a>","<font color=""#07519a"">2017年动作冒险《太空救援》BD中英双字幕</font>"
"<a href=""ftp://ygdy8:ygdy8@yg45.dydytt.net:7145/%E9%98%B3%E5%85%89%E7%94%B5%E5%BD%B1www.ygdy8.com.%E8%9D%B4%E8%9D%B6%E5%85%AC%E5%A2%93.HD.1080p.%E5%9B%BD%E8%AF%AD%E4%B8%AD%E8%8B%B1%E5%8F%8C%E5%AD%97.mkv"">ftp://ygdy8:ygdy8@yg45.dydytt.net:7145/阳光电影www.ygdy8.com.蝴蝶公墓.HD.1080p.国语中英双字.mkv</a>","<font color=""#07519a"">2017年奇幻爱情《蝴蝶公墓》HD国语中英双字</font>"
"<a href=""ftp://ygdy8:ygdy8@yg45.dydytt.net:8145/%E9%98%B3%E5%85%89%E7%94%B5%E5%BD%B1www.ygdy8.com.%E5%87%86%E8%AE%B8.BD.720p.%E4%B8%AD%E8%8B%B1%E5%8F%8C%E5%AD%97%E5%B9%95.mkv"">ftp://ygdy8:ygdy8@yg45.dydytt.net:8145/阳光电影www.ygdy8.com.准许.BD.720p.中英双字幕.mkv</a>","<font color=""#07519a"">2017年爱情喜剧《准许》BD中英双字幕</font>"
"<a href=""ftp://ygdy8:ygdy8@yg45.dydytt.net:3045/%E9%98%B3%E5%85%89%E7%94%B5%E5%BD%B1www.ygdy8.com.%E7%BC%A9%E5%B0%8F%E4%BA%BA%E7%94%9F.BD.720p.%E4%B8%AD%E8%8B%B1%E5%8F%8C%E5%AD%97%E5%B9%95.mkv"">ftp://ygdy8:ygdy8@yg45.dydytt.net:3045/阳光电影www.ygdy8.com.缩小人生.BD.720p.中英双字幕.mkv</a>","<font color=""#07519a"">2017年马特·达蒙科幻喜剧《缩小人生》BD中英双字幕</font>"
"<a href=""ftp://ygdy8:ygdy8@yg45.dydytt.net:3046/%E9%98%B3%E5%85%89%E7%94%B5%E5%BD%B1www.ygdy8.com.%E7%8E%8B%E7%89%8C%E7%89%B9%E5%B7%A52%EF%BC%9A%E9%BB%84%E9%87%91%E5%9C%88.BD.720p.%E5%9B%BD%E8%8B%B1%E5%8F%8C%E8%AF%AD%E5%8F%8C%E5%AD%97.mkv"">ftp://ygdy8:ygdy8@yg45.dydytt.net:3046/阳光电影www.ygdy8.com.王牌特工2：黄金圈.BD.720p.国英双语双字.mkv</a>","<font color=""#07519a"">2017年动作喜剧《王牌特工2：黄金圈》BD国英双语双字幕</font>"
"<a href=""ftp://dygod3:dygod3@d505.dygod.org:3083/%E6%96%B0%E5%BB%BA%E6%96%87%E4%BB%B6%E5%A4%B9/%5B%E7%94%B5%E5%BD%B1%E5%A4%A9%E5%A0%82www.dy2018.net%5D%5Bone%20piece%5D%5B601%5D.rmvb"">ftp://dygod3:dygod3@d505.dygod.org:3083/新建文件夹/[电影天堂www.dy2018.net][one piece][601].rmvb</a>","<font color=""#07519a"">海贼王one PIECE 第601-676话</font>"
"<a href=""ftp://dygod1:dygod1@119.186.162.141:2081/%E5%9C%A3%E6%96%97%E5%A3%AB%E6%98%9F%E7%9F%A2/%5B%E7%94%B5%E5%BD%B1%E5%A4%A9%E5%A0%82www.dy2018.com%5D%E5%9C%A3%E6%96%97%E5%A3%AB%E6%98%9F%E7%9F%A201.rmvb"">ftp://dygod1:dygod1@119.186.162.141:2081/圣斗士星矢/[电影天堂www.dy2018.com]圣斗士星矢01.rmvb</a>","<font color=""#07519a"">圣斗士星矢Ω Saint Seiya Omega 更新第97话[日语中字]</font>"
"<a href=""ftp://dygod3:dygod3@d505.dygod.org:1155/%E6%96%B0%E5%BB%BA%E6%96%87%E4%BB%B6%E5%A4%B9/%5B%E5%B0%8F%E8%B0%83%E7%BD%91-www.xiaopian.com%5D%E5%90%8D%E4%BE%A6%E6%8E%A2%E6%9F%AF%E5%8D%97701.rmvb"">ftp://dygod3:dygod3@d505.dygod.org:1155/新建文件夹/[小调网-www.xiaopian.com]名侦探柯南701.rmvb</a>","<font color=""#07519a"">名侦探柯南 第701-773话</font>"
"<a href=""ftp://dygod3:dygod3@y069.dydytt.net:1270/%E5%90%8D%E4%BE%A6%E6%8E%A2%E6%9F%AF%E5%8D%97/%5B%E9%98%B3%E5%85%89%E7%94%B5%E5%BD%B1-www.ygdy8.com%5D%E5%90%8D%E4%BE%A6%E6%8E%A2%E6%9F%AF%E5%8D%97-%E6%9F%AF%E5%8D%97%E6%B6%88%E5%A4%B1%E7%89%B9%E5%88%AB%E7%AF%87.rmvb"">ftp://dygod3:dygod3@y069.dydytt.net:1270/名侦探柯南/[阳光电影-www.ygdy8.com]名侦探柯南-柯南消失特别篇.rmvb</a>","<font color=""#07519a"">名侦探柯南2小时特别篇 柯南失踪 史上最惨的两天</font>"
"<a href=""ftp://dygod3:dygod3@y069.dydytt.net:6276/%E5%A6%96%E7%B2%BE%E7%9A%84%E5%B0%BE%E5%B7%B4/%5B%E9%98%B3%E5%85%89%E7%94%B5%E5%BD%B1-www.ygdy8.com%5D%E5%A6%96%E7%B2%BE%E7%9A%84%E5%B0%BE%E5%B7%B4219.rmvb"">ftp://dygod3:dygod3@y069.dydytt.net:6276/妖精的尾巴/[阳光电影-www.ygdy8.com]妖精的尾巴219.rmvb</a>","<font color=""#07519a"">妖精的尾巴FAIRY TAIL 第265话2014</font>"
"<a href=""ftp://dygod3:dygod3@yg69.dydytt.net:1352/%E5%A6%96%E7%B2%BE%E7%9A%84%E5%B0%BE%E5%B7%B4/%5B%E9%98%B3%E5%85%89%E7%94%B5%E5%BD%B1-www.ygdy8.com%5D%E5%A6%96%E7%B2%BE%E7%9A%84%E5%B0%BE%E5%B7%B4001.mp4"">ftp://dygod3:dygod3@yg69.dydytt.net:1352/妖精的尾巴/[阳光电影-www.ygdy8.com]妖精的尾巴001.mp4</a>","<font color=""#07519a"">妖精的尾巴 FAIRY TAIL 第三部ZERO 第012/277话</font>"
"<a href=""ftp://dygod3:dygod3@y069.dydytt.net:3272/%E6%B5%B7%E8%B4%BC%E7%8E%8B/%5B%E9%98%B3%E5%85%89%E7%94%B5%E5%BD%B1-www.ygdy8.com%5D%5Bone%20piece%5D%5B677%5D.rmvb"">ftp://dygod3:dygod3@y069.dydytt.net:3272/海贼王/[阳光电影-www.ygdy8.com][one piece][677].rmvb</a>","<font color=""#07519a"">海贼王one PIECE 第827话</font>"
"<a href=""ftp://dygod1:dygod1@119.186.162.141:2085/%E7%81%AB%E5%BD%B1%E5%BF%8D%E8%80%85/%5B%E5%B0%8F%E8%B0%83%E7%BD%91-www.xiaopian.com%5D%5Bnaruto%5D%5B481%5D.rmvb"">ftp://dygod1:dygod1@119.186.162.141:2085/火影忍者/[小调网-www.xiaopian.com][naruto][481].rmvb</a>","<font color=""#07519a"">火影忍者疾风传 第481-612话</font>"
"<a href=""ftp://dygod3:dygod3@y069.dydytt.net:6270/%E7%81%AB%E5%BD%B1%E5%BF%8D%E8%80%85/%5B%E9%98%B3%E5%85%89%E7%94%B5%E5%BD%B1-www.ygdy8.com%5D%5Bnaruto%5D%5B613%5D.rmvb"">ftp://dygod3:dygod3@y069.dydytt.net:6270/火影忍者/[阳光电影-www.ygdy8.com][naruto][613].rmvb</a>","<font color=""#07519a"">火影忍者疾风传 第720话 全</font>"
"<a href=""ftp://ygdy8:ygdy8@yg76.dydytt.net:6217/%5B%E9%98%B3%E5%85%89%E7%94%B5%E5%BD%B1-www.ygdy8.com%5D%E7%BB%BC%E8%89%BA%E5%A4%A7%E7%83%AD%E9%97%A820180301.mp4"">ftp://ygdy8:ygdy8@yg76.dydytt.net:6217/[阳光电影-www.ygdy8.com]综艺大热门20180301.mp4</a>","<font color=""#07519a"">综艺大热门-20180301~20180308</font>"
"<a href=""ftp://dygod3:dygod3@y069.dydytt.net:2271/%E5%90%8D%E4%BE%A6%E6%8E%A2%E6%9F%AF%E5%8D%97/%5B%E9%98%B3%E5%85%89%E7%94%B5%E5%BD%B1-www.ygdy8.com%5D%E5%90%8D%E4%BE%A6%E6%8E%A2%E6%9F%AF%E5%8D%97774.rmvb"">ftp://dygod3:dygod3@y069.dydytt.net:2271/名侦探柯南/[阳光电影-www.ygdy8.com]名侦探柯南774.rmvb</a>","<font color=""#07519a"">名侦探柯南 第907话</font>"
"<a href=""ftp://ygdy8:ygdy8@yg76.dydytt.net:6218/%5B%E9%98%B3%E5%85%89%E7%94%B5%E5%BD%B1-www.ygdy8.com%5D%E5%81%B6%E5%83%8F%E7%BB%83%E4%B9%A0%E7%94%9F20180302.mp4""> ftp://ygdy8:ygdy8@yg76.dydytt.net:6218/[阳光电影-www.ygdy8.com]偶像练习生20180302.mp4</a>","<font color=""#07519a"">偶像练习生-20180302~20180309</font>"
"<a href=""ftp://ygdy8:ygdy8@yg76.dydytt.net:6226/%5B%E9%98%B3%E5%85%89%E7%94%B5%E5%BD%B1-www.ygdy8.com%5D%E5%A4%A9%E5%A4%A9%E5%90%91%E4%B8%8A2080309.mkv"">ftp://ygdy8:ygdy8@yg76.dydytt.net:6226/[阳光电影-www.ygdy8.com]天天向上2080309.mkv</a>","<font color=""#07519a"">天天向上-20180309</font>"
"<a href=""ftp://ygdy8:ygdy8@yg76.dydytt.net:6226/%5B%E9%98%B3%E5%85%89%E7%94%B5%E5%BD%B1-www.ygdy8.com%5D%E6%AD%8C%E6%89%8B%E7%AC%AC%E4%BA%8C%E5%AD%A320180309.mkv"">ftp://ygdy8:ygdy8@yg76.dydytt.net:6226/[阳光电影-www.ygdy8.com]歌手第二季20180309.mkv</a>","<font color=""#07519a"">歌手第二季-20180309</font>"
"<a href=""ftp://ygdy8:ygdy8@yg76.dydytt.net:6217/%5B%E9%98%B3%E5%85%89%E7%94%B5%E5%BD%B1-www.ygdy8.com%5D%E5%B0%8F%E6%98%8E%E6%98%9F%E5%A4%A7%E8%B7%9F%E7%8F%AD20180301.mp4"">ftp://ygdy8:ygdy8@yg76.dydytt.net:6217/[阳光电影-www.ygdy8.com]小明星大跟班20180301.mp4</a>","<font color=""#07519a"">小明星大跟班-20180301~20180309</font>"
"<a href=""ftp://ygdy8:ygdy8@yg76.dydytt.net:6218/%5B%E9%98%B3%E5%85%89%E7%94%B5%E5%BD%B1-www.ygdy8.com%5D%E6%9C%80%E5%BC%BA%E5%A4%A7%E8%84%91%E7%AC%AC%E4%BA%94%E5%AD%A320180302.mkv""> ftp://ygdy8:ygdy8@yg76.dydytt.net:6218/[阳光电影-www.ygdy8.com]最强大脑第五季20180302.mkv</a>","<font color=""#07519a"">最强大脑第五季-20180302~20180309</font>"
"<a href=""ftp://ygdy8:ygdy8@yg76.dydytt.net:6219/%5B%E9%98%B3%E5%85%89%E7%94%B5%E5%BD%B1-www.ygdy8.com%5D%E7%8E%8B%E7%89%8C%E5%AF%B9%E7%8E%8B%E7%89%8C20180302.mp4"">ftp://ygdy8:ygdy8@yg76.dydytt.net:6219/[阳光电影-www.ygdy8.com]王牌对王牌20180302.mp4</a>","<font color=""#07519a"">王牌对王牌第三季-20180302~20180309</font>"
"<a href=""ftp://ygdy8:ygdy8@yg76.dydytt.net:6217/%5B%E9%98%B3%E5%85%89%E7%94%B5%E5%BD%B1-www.ygdy8.com%5D%E5%A8%B1%E4%B9%90%E7%99%BE%E5%88%86%E7%99%BE20180301.mp4"">ftp://ygdy8:ygdy8@yg76.dydytt.net:6217/[阳光电影-www.ygdy8.com]娱乐百分百20180301.mp4</a>","<font color=""#07519a"">娱乐百分百-20180301~20180309</font>"
"<a href=""ftp://ygdy8:ygdy8@yg76.dydytt.net:6221/%5B%E9%98%B3%E5%85%89%E7%94%B5%E5%BD%B1-www.ygdy8.com%5D%E9%87%91%E7%82%B3%E4%B8%87%E7%9A%84%E4%B8%9B%E6%9E%97%E6%B3%95%E5%88%9920180302.mp4%20""> ftp://ygdy8:ygdy8@yg76.dydytt.net:6221/[阳光电影-www.ygdy8.com]金炳万的丛林法则20180302.mp4</a>","<font color=""#07519a"">金炳万的丛林法则-20180302~20180309</font>"
"<a href=""ftp://ygdy8:ygdy8@yg76.dydytt.net:6219/%5B%E9%98%B3%E5%85%89%E7%94%B5%E5%BD%B1-www.ygdy8.com%5D%E4%BA%8C%E5%8D%81%E5%9B%9B%E5%B0%8F%E6%97%B6%E7%AC%AC%E4%B8%89%E5%AD%A320180302.mkv"">ftp://ygdy8:ygdy8@yg76.dydytt.net:6219/[阳光电影-www.ygdy8.com]二十四小时第三季20180302.mkv</a>","<font color=""#07519a"">二十四小时第三季-20180302~20180309</font>"
"<a href=""ftp://ygdy8:ygdy8@yg76.dydytt.net:6217/%5B%E9%98%B3%E5%85%89%E7%94%B5%E5%BD%B1-www.ygdy8.com%5D%E9%A3%9F%E5%B0%9A%E7%8E%A9%E5%AE%B620180301.mp4"">ftp://ygdy8:ygdy8@yg76.dydytt.net:6217/[阳光电影-www.ygdy8.com]食尚玩家20180301.mp4</a>","<font color=""#07519a"">食尚玩家-20180301~20180309</font>"
"<a href=""ftp://ygdy8:ygdy8@yg76.dydytt.net:6217/%5B%E9%98%B3%E5%85%89%E7%94%B5%E5%BD%B1-www.ygdy8.com%5D%E5%9E%8B%E7%94%B7%E5%A4%A7%E4%B8%BB%E5%8E%A820180301.mp4"">ftp://ygdy8:ygdy8@yg76.dydytt.net:6217/[阳光电影-www.ygdy8.com]型男大主厨20180301.mp4</a>","<font color=""#07519a"">型男大主厨-20180301~20180309</font>"
"<a href=""ftp://ygdy8:ygdy8@yg76.dydytt.net:6217/%5B%E9%98%B3%E5%85%89%E7%94%B5%E5%BD%B1-www.ygdy8.com%5D%E5%A5%B3%E4%BA%BA%E6%88%91%E6%9C%80%E5%A4%A720180301.mp4"">ftp://ygdy8:ygdy8@yg76.dydytt.net:6217/[阳光电影-www.ygdy8.com]女人我最大20180301.mp4</a>","<font color=""#07519a"">女人我最大-20180301~20180309</font>"
"<a href=""ftp://ygdy8:ygdy8@yg90.dydytt.net:4001/%5B%E9%98%B3%E5%85%89%E7%94%B5%E5%BD%B1www.ygdy8.com%5D%E5%A4%A9%E8%9D%8E%E7%AC%AC%E5%9B%9B%E5%AD%A3%E7%AC%AC01%E9%9B%86%5B%E4%B8%AD%E8%8B%B1%E5%8F%8C%E5%AD%97%5D.mkv"">ftp://ygdy8:ygdy8@yg90.dydytt.net:4001/[阳光电影www.ygdy8.com]天蝎第四季第01集[中英双字].mkv</a>","<font color=""#07519a"">2017主打美剧《天蝎/天蝎计划 第四季》更新第18集[中英双字]</font>"
"<a href=""ftp://ygdy8:ygdy8@yg72.dydytt.net:7032/%5B%E9%98%B3%E5%85%89%E7%94%B5%E5%BD%B1www.ygdy8.com%5D%E5%9B%BD%E5%9C%9F%E5%AE%89%E5%85%A8%E7%AC%AC%E4%B8%83%E5%AD%A3%E7%AC%AC01%E9%9B%86%5B%E4%B8%AD%E8%8B%B1%E5%8F%8C%E5%AD%97%5D.rmvb"">ftp://ygdy8:ygdy8@yg72.dydytt.net:7032/[阳光电影www.ygdy8.com]国土安全第七季第01集[中英双字].rmvb</a>","<font color=""#07519a"">2018主打美剧《国土安全/反恐危机 第七季》更新第04集[中英双字]</font>"
"<a href=""ftp://ygdy8:ygdy8@yg90.dydytt.net:3037/%5B%E9%98%B3%E5%85%89%E7%94%B5%E5%BD%B1www.ygdy8.com%5D%E6%88%91%E6%98%AF%E5%83%B5%E5%B0%B8%E7%AC%AC%E5%9B%9B%E5%AD%A3%E7%AC%AC01%E9%9B%86%5B%E4%B8%AD%E8%8B%B1%E5%8F%8C%E5%AD%97%5D.rmvb"">ftp://ygdy8:ygdy8@yg90.dydytt.net:3037/[阳光电影www.ygdy8.com]我是僵尸第四季第01集[中英双字].rmvb</a>","<font color=""#07519a"">2018主打美剧《我是僵尸 第四季》更新第02集[中英双字]</font>"
"<a href=""ftp://ygdy8:ygdy8@yg76.dydytt.net:6219/%5B%E9%98%B3%E5%85%89%E7%94%B5%E5%BD%B1-www.ygdy8.com%5D%E6%97%A0%E9%99%90%E6%8C%91%E6%88%9820180303.mkv"">ftp://ygdy8:ygdy8@yg76.dydytt.net:6219/[阳光电影-www.ygdy8.com]无限挑战20180303.mkv</a>","<font color=""#07519a"">无限挑战-20180303~20180310</font>"
"<a href=""ftp://ygdy8:ygdy8@yg90.dydytt.net:2021/%5B%E9%98%B3%E5%85%89%E7%94%B5%E5%BD%B1www.ygdy8.com%5D%E6%98%8E%E6%97%A5%E4%BC%A0%E5%A5%87%E7%AC%AC%E4%B8%89%E5%AD%A3%E7%AC%AC01%E9%9B%86%5B%E4%B8%AD%E8%8B%B1%E5%8F%8C%E5%AD%97%5D.rmvb"">ftp://ygdy8:ygdy8@yg90.dydytt.net:2021/[阳光电影www.ygdy8.com]明日传奇第三季第01集[中英双字].rmvb</a>","<font color=""#07519a"">2017主打美剧《明日传奇 第三季》更新第13集[中英双字]</font>"
"<a href=""ftp://ygdy8:ygdy8@yg90.dydytt.net:3017/%5B%E9%98%B3%E5%85%89%E7%94%B5%E5%BD%B1www.ygdy8.com%5D%E7%8A%AF%E7%BD%AA%E5%BF%83%E7%90%86%E7%AC%AC%E5%8D%81%E4%B8%89%E5%AD%A3%E7%AC%AC01%E9%9B%86%5B%E4%B8%AD%E8%8B%B1%E5%8F%8C%E5%AD%97%5D.rmvb"">ftp://ygdy8:ygdy8@yg90.dydytt.net:3017/[阳光电影www.ygdy8.com]犯罪心理第十三季第01集[中英双字].rmvb</a>","<font color=""#07519a"">2017主打美剧《犯罪心理 第十三季》更新第15集[中英双字]</font>"
"<a href=""ftp://ygdy8:ygdy8@yg72.dydytt.net:7005/%5B%E9%98%B3%E5%85%89%E7%94%B5%E5%BD%B1www.ygdy8.com%5D%E9%97%AA%E7%94%B5%E4%BE%A0%E7%AC%AC%E5%9B%9B%E5%AD%A3%E7%AC%AC01%E9%9B%86%5B%E4%B8%AD%E8%8B%B1%E5%8F%8C%E5%AD%97%5D.rmvb"">ftp://ygdy8:ygdy8@yg72.dydytt.net:7005/[阳光电影www.ygdy8.com]闪电侠第四季第01集[中英双字].rmvb</a>","<font color=""#07519a"">2017主打美剧《闪电侠 第四季》更新第15集[中英双字]</font>"
"<a href=""ftp://ygdy8:ygdy8@yg90.dydytt.net:2019/%5B%E9%98%B3%E5%85%89%E7%94%B5%E5%BD%B1www.ygdy8.com%5D%E9%BB%91%E5%90%8D%E5%8D%95%E7%AC%AC%E4%BA%94%E5%AD%A3%E7%AC%AC01%E9%9B%86%5B%E4%B8%AD%E8%8B%B1%E5%8F%8C%E5%AD%97%5D.rmvb"">ftp://ygdy8:ygdy8@yg90.dydytt.net:2019/[阳光电影www.ygdy8.com]黑名单第五季第01集[中英双字].rmvb</a>","<font color=""#07519a"">2017主打美剧《黑名单/罪恶黑名单 第五季》更新第15集[中英双字]</font>"
"<a href=""ftp://ygdy8:ygdy8@yg90.dydytt.net:2018/%5B%E9%98%B3%E5%85%89%E7%94%B5%E5%BD%B1www.ygdy8.com%5D%E5%93%A5%E8%B0%AD%E7%AC%AC%E5%9B%9B%E5%AD%A3%E7%AC%AC01%E9%9B%86%5B%E4%B8%AD%E8%8B%B1%E5%8F%8C%E5%AD%97%5D.rmvb"">ftp://ygdy8:ygdy8@yg90.dydytt.net:2018/[阳光电影www.ygdy8.com]哥谭第四季第01集[中英双字].rmvb</a>","<font color=""#07519a"">2017主打美剧《哥谭/暗都歌谭 第四季》更新第13集[中英双字]</font>"
"<a href=""ftp://ygdy8:ygdy8@yg90.dydytt.net:2019/%5B%E9%98%B3%E5%85%89%E7%94%B5%E5%BD%B1www.ygdy8.com%5D%E6%B5%B7%E8%B1%B9%E7%AA%81%E5%87%BB%E9%98%9F%E7%AC%AC%E4%B8%80%E5%AD%A3%E7%AC%AC01%E9%9B%86%5B%E4%B8%AD%E8%8B%B1%E5%8F%8C%E5%AD%97%5D.rmvb"">ftp://ygdy8:ygdy8@yg90.dydytt.net:2019/[阳光电影www.ygdy8.com]海豹突击队第一季第01集[中英双字].rmvb</a>","<font color=""#07519a"">2017主打美剧《海豹突击队 第一季》更新第15集[中英双字]</font>"
"<a href=""ftp://ygdy8:ygdy8@yg72.dydytt.net:3016/%5B%E9%98%B3%E5%85%89%E7%94%B5%E5%BD%B1www.ygdy8.com%5D%E5%B0%8F%E8%B0%A2%E5%B0%94%E9%A1%BF%E7%AC%AC%E4%B8%80%E5%AD%A3%E7%AC%AC01%E9%9B%86%5B%E4%B8%AD%E8%8B%B1%E5%8F%8C%E5%AD%97%5D.rmvb"">ftp://ygdy8:ygdy8@yg72.dydytt.net:3016/[阳光电影www.ygdy8.com]小谢尔顿第一季第01集[中英双字].rmvb</a>","<font color=""#07519a"">2017主打美剧《小谢尔顿 第一季》更新第15集[中英双字]</font>"
"<a href=""ftp://ygdy8:ygdy8@yg90.dydytt.net:5003/%5B%E9%98%B3%E5%85%89%E7%94%B5%E5%BD%B1www.ygdy8.com%5D%E7%BB%BF%E7%AE%AD%E4%BE%A0%E7%AC%AC%E5%85%AD%E5%AD%A3%E7%AC%AC01%E9%9B%86%5B%E4%B8%AD%E8%8B%B1%E5%8F%8C%E5%AD%97%5D.rmvb"">ftp://ygdy8:ygdy8@yg90.dydytt.net:5003/[阳光电影www.ygdy8.com]绿箭侠第六季第01集[中英双字].rmvb</a>","<font color=""#07519a"">2017主打美剧《绿箭侠 第六季》更新第15集[中英双字]</font>"
"<a href=""ftp://ygdy8:ygdy8@yg72.dydytt.net:4017/%5B%E9%98%B3%E5%85%89%E7%94%B5%E5%BD%B1www.ygdy8.com%5D%E9%82%AA%E6%81%B6%E5%8A%9B%E9%87%8F%E7%AC%AC%E5%8D%81%E4%B8%89%E5%AD%A3%E7%AC%AC01%E9%9B%86%5B%E4%B8%AD%E8%8B%B1%E5%8F%8C%E5%AD%97%5D.rmvb"">ftp://ygdy8:ygdy8@yg72.dydytt.net:4017/[阳光电影www.ygdy8.com]邪恶力量第十三季第01集[中英双字].rmvb</a>","<font color=""#07519a"">2017主打美剧《邪恶力量/凶鬼恶灵 第十三季》更新第15集[中英双字]</font>"
"<a href=""ftp://ygdy8:ygdy8@yg90.dydytt.net:7011/%5B%E9%98%B3%E5%85%89%E7%94%B5%E5%BD%B1www.ygdy8.net%5D%E7%A5%9E%E7%9B%BE%E5%B1%80%E7%89%B9%E5%B7%A5%E7%AC%AC%E4%BA%94%E5%AD%A3%E7%AC%AC01-02%E9%9B%86%5B%E4%B8%AD%E8%8B%B1%E5%8F%8C%E5%AD%97%5D.rmvb"">ftp://ygdy8:ygdy8@yg90.dydytt.net:7011/[阳光电影www.ygdy8.net]神盾局特工第五季第01-02集[中英双字].rmvb</a>","<font color=""#07519a"">2017主打美剧《神盾局特工 第五季》更新第12集[中英双字]</font>"
"<a href=""ftp://ygdy8:ygdy8@yg90.dydytt.net:3030/%5B%E9%98%B3%E5%85%89%E7%94%B5%E5%BD%B1www.ygdy8.com%5D%E9%A3%93%E9%A3%8E%E8%90%A5%E6%95%91%E7%AC%AC%E4%BA%8C%E5%AD%A3%E7%AC%AC01%E9%9B%86%5B%E4%B8%AD%E8%8B%B1%E5%8F%8C%E5%AD%97%5D.rmvb"">ftp://ygdy8:ygdy8@yg90.dydytt.net:3030/[阳光电影www.ygdy8.com]飓风营救第二季第01集[中英双字].rmvb</a>","<font color=""#07519a"">2018主打美剧《飓风营救 第二季》更新第06集[中英双字]</font>"
"<a href=""ftp://ygdy8:ygdy8@yg76.dydytt.net:5121/%5B%E9%98%B3%E5%85%89%E7%94%B5%E5%BD%B1-www.ygdy8.com%5D%E5%89%8D%E4%B8%96%E7%9A%84%E5%86%A4%E5%AE%B6%E4%BB%AC-01.rmvb"">ftp://ygdy8:ygdy8@yg76.dydytt.net:5121/[阳光电影-www.ygdy8.com]前世的冤家们-01.rmvb</a>","<font color=""#07519a"">2017韩国MBC日日剧《前世的冤家们》第65集[韩语中字]</font>"
"<a href=""ftp://ygdy8:ygdy8@yg76.dydytt.net:5183/%5B%E9%98%B3%E5%85%89%E7%94%B5%E5%BD%B1-www.ygdy8.com%5DMother-01.mp4"">ftp://ygdy8:ygdy8@yg76.dydytt.net:5183/[阳光电影-www.ygdy8.com]Mother-01.mp4</a>","<font color=""#07519a"">2018韩国TVN水木剧《Mother》第14集[韩语中字]</font>"
"<a href=""ftp://ygdy8:ygdy8@yg76.dydytt.net:5106/%5B%E9%98%B3%E5%85%89%E7%94%B5%E5%BD%B1-www.ygdy8.com%5D%E5%8D%B3%E4%BD%BF%E6%81%A8%E4%B9%9F%E7%88%B1%E4%BD%A0-01.rmvb"">ftp://ygdy8:ygdy8@yg76.dydytt.net:5106/[阳光电影-www.ygdy8.com]即使恨也爱你-01.rmvb</a>","<font color=""#07519a"">2017韩国KBS1日日剧《即使恨也爱你》第82集[韩语中字]</font>"
"<a href=""ftp://ygdy8:ygdy8@yg76.dydytt.net:5128/%5B%E9%98%B3%E5%85%89%E7%94%B5%E5%BD%B1-www.ygdy8.com%5D%E5%BF%AB%E4%B9%90%E5%A7%90%E5%A6%B9-01.rmvb"">ftp://ygdy8:ygdy8@yg76.dydytt.net:5128/[阳光电影-www.ygdy8.com]快乐姐妹-01.rmvb</a>","<font color=""#07519a"">2017韩国SBS晨间剧《快乐姐妹》第67集[韩语中字]</font>"
"<a href=""ftp://ygdy8:ygdy8@yg76.dydytt.net:5176/%5B%E9%98%B3%E5%85%89%E7%94%B5%E5%BD%B1-www.ygdy8.com%5DReturn-01.mp4"">ftp://ygdy8:ygdy8@yg76.dydytt.net:5176/[阳光电影-www.ygdy8.com]Return-01.mp4</a>","<font color=""#07519a"">2018韩国SBS水木剧《Return》第26集[韩语中字]</font>"
"<a href=""ftp://ygdy8:ygdy8@yg76.dydytt.net:5221/%5B%E9%98%B3%E5%85%89%E7%94%B5%E5%BD%B1-www.ygdy8.com%5D%E6%8E%A8%E7%90%86%E7%9A%84%E5%A5%B3%E7%8E%8B2-01.mp4"">ftp://ygdy8:ygdy8@yg76.dydytt.net:5221/[阳光电影-www.ygdy8.com]推理的女王2-01.mp4</a>","<font color=""#07519a"">2018韩国KBS2水木剧《推理的女王2》第03集[韩语中字]</font>"
"<a href=""ftp://ygdy8:ygdy8@yg76.dydytt.net:5115/%5B%E9%98%B3%E5%85%89%E7%94%B5%E5%BD%B1-www.ygdy8.com%5D%E9%80%86%E6%B5%81-01.rmvb"">ftp://ygdy8:ygdy8@yg76.dydytt.net:5115/[阳光电影-www.ygdy8.com]逆流-01.rmvb</a>","<font color=""#07519a"">2017韩国MBC晨间剧《逆流》第85集[韩语中字]</font>"
"<a href=""ftp://ygdy8:ygdy8@yg76.dydytt.net:5202/%5B%E9%98%B3%E5%85%89%E7%94%B5%E5%BD%B1-www.ygdy8.com%5D%E6%B3%A2%E6%B5%AA%E5%95%8A%E6%B3%A2%E6%B5%AA-01.mp4"">ftp://ygdy8:ygdy8@yg76.dydytt.net:5202/[阳光电影-www.ygdy8.com]波浪啊波浪-01.mp4</a>","<font color=""#07519a"">2018韩国KBS2晨间剧《波浪啊波浪》第18集[韩语中字]</font>"
"<a href=""ftp://ygdy8:ygdy8@yg76.dydytt.net:5022/%5B%E9%98%B3%E5%85%89%E7%94%B5%E5%BD%B1-www.ygdy8.com%5D%E6%88%91%E9%BB%84%E9%87%91%E5%85%89%E8%BE%89%E7%9A%84%E4%BA%BA%E7%94%9F-01.rmvb"">ftp://ygdy8:ygdy8@yg76.dydytt.net:5022/[阳光电影-www.ygdy8.com]我黄金光辉的人生-01.rmvb</a>","<font color=""#07519a"">2017韩国KBS2周末剧《我黄金光辉的人生》第51集[韩语中字]</font>"
"<a href=""ftp://ygdy8:ygdy8@yg76.dydytt.net:5192/%5B%E9%98%B3%E5%85%89%E7%94%B5%E5%BD%B1-www.ygdy8.com%5DMisty-01.mp4"">ftp://ygdy8:ygdy8@yg76.dydytt.net:5192/[阳光电影-www.ygdy8.com]Misty-01.mp4</a>","<font color=""#07519a"">2018韩国JTBC金土剧《Misty》第12集[韩语中字]</font>"
"<a href=""ftp://ygdy8:ygdy8@yg76.dydytt.net:5215/%5B%E9%98%B3%E5%85%89%E7%94%B5%E5%BD%B1-www.ygdy8.com%5D%E4%BA%BA%E5%81%B6%E4%B9%8B%E5%AE%B6-01.mp4"">ftp://ygdy8:ygdy8@yg76.dydytt.net:5215/[阳光电影-www.ygdy8.com]人偶之家-01.mp4</a>","<font color=""#07519a"">2018韩国KBS2日日剧《人偶之家》第10集[韩语中字]</font>"
"<a href=""ftp://ygdy8:ygdy8@yg76.dydytt.net:5221/%5B%E9%98%B3%E5%85%89%E7%94%B5%E5%BD%B1-www.ygdy8.com%5D%E5%B0%8F%E7%A5%9E%E7%9A%84%E5%AD%A9%E5%AD%90%E4%BB%AC-01.mp4"">ftp://ygdy8:ygdy8@yg76.dydytt.net:5221/[阳光电影-www.ygdy8.com]小神的孩子们-01.mp4</a>","<font color=""#07519a"">2018韩国OCN周末剧《小神的孩子们》第03集[韩语中字]</font>"
"<a href=""ftp://ygdy8:ygdy8@yg76.dydytt.net:5221/%5B%E9%98%B3%E5%85%89%E7%94%B5%E5%BD%B1-www.ygdy8.com%5D%E4%B8%8A%E9%97%A8%E4%B8%88%E5%A4%AB%E5%90%B4%E4%BD%9C%E6%96%97-01.mp4"">ftp://ygdy8:ygdy8@yg76.dydytt.net:5221/[阳光电影-www.ygdy8.com]上门丈夫吴作斗-01.mp4</a>","<font color=""#07519a"">2018韩国MBC周末剧《上门丈夫吴作斗》第04集[韩语中字]</font>"
"<a href=""ftp://g:g@tv.kaida365.com:3100/%E6%9F%9C%E4%B8%AD%E7%BE%8E%E4%BA%BA01.mp4"">柜中美人 01集</a>","<font color=""#07519a"">2018年内地电视剧《柜中美人》第28集[国语字幕]</font>"
"<a href=""ftp://g:g@tv.kaida365.com:3100/%E4%B8%89%E4%B8%AA%E5%A5%B3%E4%BA%BA%E4%B8%80%E4%B8%AA%E5%9B%A0%E7%B2%A4%E8%AF%AD01.mkv"">三个女人一个因 粤语01集</a>","<font color=""#07519a"">2018年香港电视剧《三个女人一个因》粤06/国06集[国语字幕]</font>"
"<a href=""ftp://g:g@tv.kaida365.com:3100/%E4%BA%8C%E5%88%86%E4%B9%8B%E4%B8%80%E7%BE%8E%E5%B0%91%E5%B9%B401.mp4"">二分之一美少年 01集</a>","<font color=""#07519a"">2018年内地电视剧《二分之一美少年》第23集[国语字幕]</font>"
"<a href=""ftp://g:g@tv.kaida365.com:2166/%E7%BE%8E%E5%A5%BD%E7%94%9F%E6%B4%BB01.mp4"">美好生活 01集</a>","<font color=""#07519a"">2018年内地电视剧《美好生活》第14集[国语字幕]</font>"
"<a href=""ftp://g:g@tv.kaida365.com:3100/%E6%96%B0%E7%AC%91%E5%82%B2%E6%B1%9F%E6%B9%9601.mp4"">新笑傲江湖 01集</a>","<font color=""#07519a"">2018年内地电视剧《新笑傲江湖》第14集[国语字幕]</font>"
"<a href=""ftp://g:g@tv.kaida365.com:2166/%E5%88%A9%E5%88%83%E5%87%BA%E5%87%BB01.mp4"">利刃出击 01集</a>","<font color=""#07519a"">2018年内地电视剧《利刃出击》第11集[国语字幕]</font>"
"<a href=""ftp://g:g@tv.kaida365.com:3100/%E5%87%A4%E5%9B%9A%E5%87%B001.mp4"">凤囚凰 01集</a>","<font color=""#07519a"">2018年内地电视剧《凤囚凰》第30集[国语字幕]</font>"
"<a href=""ftp://g:g@tv.kaida365.com:3100/%E8%B0%88%E5%88%A4%E5%AE%9801.mp4"">谈判官 01集</a>","<font color=""#07519a"">2018年内地电视剧《谈判官》第43集[国语字幕]</font>"
"<a href=""ftp://g:g@tv.kaida365.com:3100/%E7%83%88%E7%81%AB%E5%A6%82%E6%AD%8C01.mp4"">烈火如歌 01集</a>","<font color=""#07519a"">2018年内地电视剧《烈火如歌》第11集[国语字幕]</font>"
"<a href=""ftp://g:g@tv.kaida365.com:2166/%E8%80%81%E7%94%B7%E5%AD%A901.mp4"">老男孩 01集</a>","<font color=""#07519a"">2018年内地电视剧《老男孩(电视剧)》第09集[国语字幕]</font>"
"<a href=""ftp://ygdy8:ygdy8@y153.dydytt.net:9198/%5B%E9%98%B3%E5%85%89%E7%94%B5%E5%BD%B1www.ygdy8.com%5D.%E7%83%AD%E8%A1%80%E8%A1%97%E5%8C%BA%E7%94%B5%E5%BD%B1%E7%89%88.BD.720p.%E6%97%A5%E8%AF%AD%E4%B8%AD%E5%AD%97.mkv"">ftp://ygdy8:ygdy8@y153.dydytt.net:9198/[阳光电影www.ygdy8.com].热血街区电影版.BD.720p.日语中字.mkv</a>","<font color=""#07519a"">2016年动作《热血街区电影版》BD日语中字</font>"
"<a href=""ftp://ygdy8:ygdy8@yg45.dydytt.net:7144/%E9%98%B3%E5%85%89%E7%94%B5%E5%BD%B1www.ygdy8.net.%E8%B6%85%E8%83%BD%E6%9A%B4%E5%8A%9B%E5%AF%B9%E5%86%B3.BD.720p.%E4%B8%AD%E8%8B%B1%E5%8F%8C%E5%AD%97%E5%B9%95.mkv"">ftp://ygdy8:ygdy8@yg45.dydytt.net:7144/阳光电影www.ygdy8.net.超能暴力对决.BD.720p.中英双字幕.mkv</a>","<font color=""#07519a"">2017年科幻动作《超能暴力对决》BD中英双字幕</font>"
"<a href=""ftp://g:g@tv.kaida365.com:3100/%E8%9C%80%E5%B1%B1%E6%88%98%E7%BA%AA2%E8%B8%8F%E7%81%AB%E8%A1%8C%E6%AD%8C01.mp4"">蜀山战纪2踏火行歌 01集</a>","<font color=""#07519a"">2018年内地电视剧《蜀山战纪2踏火行歌》第28集[国语字幕]</font>"
"<a href=""ftp://g:g@tv.kaida365.com:3100/%E6%88%91%E7%AB%99%E5%9C%A8%E6%A1%A5%E4%B8%8A%E7%9C%8B%E9%A3%8E%E6%99%AF01.mp4%20"">我站在桥上看风景 01集</a>","<font color=""#07519a"">2018年内地电视剧《我站在桥上看风景》第28集[国语字幕]</font>"
"<a href=""ftp://g:g@tv.kaida365.com:3100/%E6%97%A0%E9%97%B4%E9%81%93%E7%B2%A4%E8%AF%AD01.mkv"">无间道 粤语01集</a>","<font color=""#07519a"">2018年香港电视剧《无间道2018》粤30集[国语字幕]</font>"
"<a href=""ftp://g:g@tv.kaida365.com:3100/%E6%B3%A2%E5%A3%AB%E6%97%A9%E6%99%A8%E7%B2%A4%E8%AF%AD01.mkv"">波士早晨 粤语01集</a>","<font color=""#07519a"">2018年香港电视剧《波士早晨》粤15/国15集[国语字幕]</font>"
"<a href=""ftp://ygdy8:ygdy8@yg72.dydytt.net:8172/%E9%98%B3%E5%85%89%E7%94%B5%E5%BD%B1www.ygdy8.com.%E7%83%AD%E8%A1%80%E8%A1%97%E5%8C%BA%E7%94%B5%E5%BD%B1%E7%89%882%EF%BC%9A%E5%A4%A9%E7%A9%BA%E5%B0%BD%E5%A4%B4.BD.720p.%E6%97%A5%E8%AF%AD%E4%B8%AD%E5%AD%97.mkv"">ftp://ygdy8:ygdy8@yg72.dydytt.net:8172/阳光电影www.ygdy8.com.热血街区电影版2：天空尽头.BD.720p.日语中字.mkv</a>","<font color=""#07519a"">2017年动作《热血街区电影版2：天空尽头》BD日语中字</font>"
"<a href=""ftp://ygdy8:ygdy8@yg45.dydytt.net:7147/%E9%98%B3%E5%85%89%E7%94%B5%E5%BD%B1www.ygdy8.com.%E9%87%91%E8%89%B2%E6%A2%A6%E4%B9%A1.BD.720p.%E9%9F%A9%E8%AF%AD%E4%B8%AD%E5%AD%97.mkv"">ftp://ygdy8:ygdy8@yg45.dydytt.net:7147/阳光电影www.ygdy8.com.金色梦乡.BD.720p.韩语中字.mkv</a>","<font color=""#07519a"">2018年悬疑剧情《金色梦乡》BD韩语中字</font>"
"<a href=""ftp://ygdy8:ygdy8@yg45.dydytt.net:8147/%E9%98%B3%E5%85%89%E7%94%B5%E5%BD%B1www.ygdy8.com.%E5%A4%95%E9%98%B3%E7%89%B9%E5%B7%A5.BD.720p.%E4%B8%AD%E8%8B%B1%E5%8F%8C%E5%AD%97%E5%B9%95.mkv"">ftp://ygdy8:ygdy8@yg45.dydytt.net:8147/阳光电影www.ygdy8.com.夕阳特工.BD.720p.中英双字幕.mkv</a>","<font color=""#07519a"">2017年动作喜剧《夕阳特工》BD中英双字幕</font>"
"<a href=""ftp://ygdy8:ygdy8@yg45.dydytt.net:6082/%E9%98%B3%E5%85%89%E7%94%B5%E5%BD%B1www.ygdy8.com.%E5%85%B4%E5%A4%AB.BD.720p.%E9%9F%A9%E8%AF%AD%E4%B8%AD%E5%AD%97.mkv"">ftp://ygdy8:ygdy8@yg45.dydytt.net:6082/阳光电影www.ygdy8.com.兴夫.BD.720p.韩语中字.mkv</a>","<font color=""#07519a"">2018年剧情《兴夫》BD韩语中字</font>"
"<a href=""ftp://ygdy8:ygdy8@yg45.dydytt.net:6084/%E9%98%B3%E5%85%89%E7%94%B5%E5%BD%B1www.ygdy8.com.%E5%B1%80%E5%A4%96%E4%BA%BA.BD.720p.%E4%B8%AD%E8%8B%B1%E5%8F%8C%E5%AD%97%E5%B9%95.mkv"">ftp://ygdy8:ygdy8@yg45.dydytt.net:6084/阳光电影www.ygdy8.com.局外人.BD.720p.中英双字幕.mkv</a>","<font color=""#07519a"">2018年惊悚动作《局外人/外来者》BD中英双字幕</font>"
"<a href=""ftp://ygdy8:ygdy8@y006.dygod.org:2194/%5B%E9%98%B3%E5%85%89%E7%94%B5%E5%BD%B1www.ygdy8.com%5D.%E5%89%8D%E4%BB%BB2%EF%BC%9A%E5%A4%87%E8%83%8E%E5%8F%8D%E5%87%BB%E6%88%98.HD.720p.%E5%9B%BD%E8%AF%AD%E4%B8%AD%E5%AD%97.rmvb"">ftp://ygdy8:ygdy8@y006.dygod.org:2194/[阳光电影www.ygdy8.com].前任2：备胎反击战.HD.720p.国语中字.rmvb</a>","<font color=""#07519a"">2015年喜剧《前任2：备胎反击战》HD国语中字</font>"
"<a href=""ftp://ygdy8:ygdy8@d006.dygod.org:1145/%5B%E9%98%B3%E5%85%89%E7%94%B5%E5%BD%B1www.ygdy8.com%5D.%E5%89%8D%E4%BB%BB%E6%94%BB%E7%95%A5.HD.720p.%E5%9B%BD%E8%AF%AD%E4%B8%AD%E5%AD%97.rmvb"">ftp://ygdy8:ygdy8@d006.dygod.org:1145/[阳光电影www.ygdy8.com].前任攻略.HD.720p.国语中字.rmvb</a>","<font color=""#07519a"">2014年爱情喜剧《前任攻略》HD国语中字</font>"
"<a href=""ftp://ygdy8:ygdy8@yg72.dydytt.net:8173/%E9%98%B3%E5%85%89%E7%94%B5%E5%BD%B1www.ygdy8.com.%E7%AC%AC%E4%BA%8C%E4%B8%AA%E5%A4%8F%E5%A4%A9%EF%BC%8C%E4%B8%8D%E5%86%8D%E9%81%87%E8%A7%81%E7%9A%84%E4%BD%A0.BD.720p.%E6%97%A5%E8%AF%AD%E4%B8%AD%E5%AD%97.mkv"">ftp://ygdy8:ygdy8@yg72.dydytt.net:8173/阳光电影www.ygdy8.com.第二个夏天，不再遇见的你.BD.720p.日语中字.mkv</a>","<font color=""#07519a"">2017年爱情《第二个夏天，不再遇见的你》BD日语中字</font>"
"<a href=""ftp://ygdy8:ygdy8@yg45.dydytt.net:4039/%E9%98%B3%E5%85%89%E7%94%B5%E5%BD%B1www.ygdy8.com.%E5%A7%86%E6%98%8E%E4%B8%8E%E5%86%AC%E6%97%A5%E4%BB%99%E5%A2%83.BD.720p.%E7%B2%A4%E8%8B%B1%E5%8F%8C%E8%AF%AD%E4%B8%AD%E8%8B%B1%E5%8F%8C%E5%AD%97.mkv"">ftp://ygdy8:ygdy8@yg45.dydytt.net:4039/阳光电影www.ygdy8.com.姆明与冬日仙境.BD.720p.粤英双语中英双字.mkv</a>","<font color=""#07519a"">2017年动画《姆明与冬日仙境》BD英粤双语中英双字幕</font>"
"<a href=""ftp://ygdy8:ygdy8@yg45.dydytt.net:8142/%E9%98%B3%E5%85%89%E7%94%B5%E5%BD%B1www.ygdy8.com.%E5%A5%87%E8%BF%B9%E7%94%B7%E5%AD%A9.BD.720p.%E5%9B%BD%E8%8B%B1%E5%8F%8C%E8%AF%AD%E5%8F%8C%E5%AD%97.mkv"">ftp://ygdy8:ygdy8@yg45.dydytt.net:8142/阳光电影www.ygdy8.com.奇迹男孩.BD.720p.国英双语双字.mkv</a>","<font color=""#07519a"">2017年高分获奖剧情《奇迹男孩》BD国英双语双字幕</font>"
"<a href=""ftp://ygdy8:ygdy8@yg45.dydytt.net:3047/%E9%98%B3%E5%85%89%E7%94%B5%E5%BD%B1www.ygdy8.com.%E9%AD%94%E5%9B%BD%E5%BF%97I%E4%B9%8B%E9%BB%84%E5%B7%BE%E4%B9%8B%E4%B9%B1.HD.720p.%E5%9B%BD%E8%AF%AD%E4%B8%AD%E5%AD%97.mkv"">ftp://ygdy8:ygdy8@yg45.dydytt.net:3047/阳光电影www.ygdy8.com.魔国志I之黄巾之乱.HD.720p.国语中字.mkv</a>","<font color=""#07519a"">2017年动作《魔国志I之黄巾之乱》HD国语中字</font>"
"<a href=""ftp://ygdy8:ygdy8@yg16.dydytt.net:8001/%5B%E9%98%B3%E5%85%89%E7%94%B5%E5%BD%B1www.ygdy8.com%5D.%E7%83%AD%E8%A1%80%E8%A1%97%E5%8C%BA%E7%94%B5%E5%BD%B1%E7%89%882%EF%BC%9A%E7%BA%A2%E9%9B%A8.BD.720p.%E6%97%A5%E8%AF%AD%E4%B8%AD%E5%AD%97.mkv"">ftp://ygdy8:ygdy8@yg16.dydytt.net:8001/[阳光电影www.ygdy8.com].热血街区电影版2：红雨.BD.720p.日语中字.mkv</a>","<font color=""#07519a"">2016年惊悚动作《热血街区电影版2：红雨篇》BD日语中字</font>"
